Designator,Val,Package,Mid X,Mid Y,Rotation,Layer
C1,1u,C_0603_1608Metric_Pad1.08x0.95mm_HandSolder,180.25,-72.26,-90.0,top
C10,0.1uF,C_0603_1608Metric,194.8,-81.2,90.0,top
C11,0.1uF,C_0603_1608Metric,191.75,-80.21,90.0,top
C12,0.1uF,C_0603_1608Metric,188.76,-95.8,-90.0,top
C13,0.1uF,C_0603_1608Metric,187.01,-81.22,90.0,top
C14,4.7uF,C_0603_1608Metric,184.55,-85.2,90.0,top
C15,0.1uF,C_0603_1608Metric,183.5,-91.65,180.0,top
C16,4.7uF,C_0603_1608Metric,183.925,-81.95,0.0,top
C17,10uF,C_0603_1608Metric,190.8,-95.8,-90.0,top
C18,0.1uF,C_0603_1608Metric,198.425,-85.25,0.0,top
C19,0.1uF,C_0603_1608Metric,190.25,-80.22,90.0,top
C2,1u,C_0603_1608Metric_Pad1.08x0.95mm_HandSolder,143.85,-55.72,-90.0,top
C20,0.1uF,C_0603_1608Metric,183.05,-85.2,90.0,top
C21,1u,C_0603_1608Metric_Pad1.08x0.95mm_HandSolder,205.65,-73.76,-90.0,top
C22,22u 0805,C_0805_2012Metric_Pad1.18x1.45mm_HandSolder,200.43,-73.0,90.0,top
C23,100n,C_0603_1608Metric,227.29,-99.72,0.0,top
C24,100n,C_0603_1608Metric,118.535,-44.3,0.0,top
C25,2.2u,C_0603_1608Metric,161.57,-51.92,0.0,top
C26,100n COG,C_Rect_L13.0mm_W5.0mm_P10.00mm_FKS3_FKP3_MKS4,148.5,-47.0,0.0,top
C27,1u Film,C_Rect_L13.0mm_W6.0mm_P10.00mm_FKS3_FKP3_MKS4,197.25,-44.5,0.0,top
C28,1u Film,C_Rect_L13.0mm_W6.0mm_P10.00mm_FKS3_FKP3_MKS4,197.25,-51.75,0.0,top
C29,100n,C_0603_1608Metric,153.9,-60.66,90.0,top
C3,1u,C_0603_1608Metric,149.74,-56.27,-90.0,top
C30,100n,C_0603_1608Metric,159.41,-58.625,90.0,top
C31,100n,C_0603_1608Metric,151.91,-58.205,90.0,top
C32,1u Film,C_Rect_L13.0mm_W6.0mm_P10.00mm_FKS3_FKP3_MKS4,193.75,-62.25,90.0,top
C33,1u Film,C_Rect_L13.0mm_W6.0mm_P10.00mm_FKS3_FKP3_MKS4,201.0,-62.25,90.0,top
C34,100n,C_0603_1608Metric,150.98,-110.95,-90.0,top
C35,0.1uF,C_0603_1608Metric,173.25,-88.8,90.0,top
C36,0.1uF,C_0603_1608Metric,184.655,-104.3,0.0,top
C37,0.1uF,C_0603_1608Metric,188.68,-81.19,90.0,top
C4,22u 0805,C_0805_2012Metric_Pad1.18x1.45mm_HandSolder,175.05,-70.8175,90.0,top
C5,12pF,C_0603_1608Metric,198.405,-91.71,180.0,top
C6,12pF,C_0603_1608Metric,198.425,-86.75,0.0,top
C7,0.1uF,C_0603_1608Metric,192.8,-95.8,-90.0,top
C8,0.1uF,C_0603_1608Metric,183.5,-88.35,180.0,top
C9,0.1uF,C_0603_1608Metric,198.41,-93.22,0.0,top
CN1,MIDI In,CONN-TH_DIN-504B-M10,182.99,-33.33,180.0,top
CN2,MIDI Out,CONN-TH_DIN-504B-M10,205.99,-33.36,180.0,top
D1,1N4148WS,D_SOD-323,210.5,-105.8,-90.0,top
D2,LED Test,LED_0603_1608Metric,123.45,-73.51,180.0,top
D3,1N5817,D_SOD-323,170.75,-43.87,90.0,top
D4,1N5817,D_SOD-323,228.3,-114.43,-90.0,top
J1,Hanbo_USB_C_Receptacle_USB2.0_MC-110LD-L137,USB-C-TH_MC-110LD-L137-A,164.5,-37.0,0.0,bottom
J10,Line In R,Jack_3.5mm_QingPu_WQP-PJ398SM_Vertical_CircularHoles,224.0,-32.775,0.0,bottom
J11,Line In L,Jack_3.5mm_QingPu_WQP-PJ398SM_Vertical_CircularHoles,236.0,-32.775,0.0,bottom
J13,Micro_SD_Card_Det_Hirose_DM3AT,microSD_HC_Hirose_DM3AT-SF-PEJM5,117.03,-33.465,180.0,top
J14,Conn_I2C,HDR-TH_3P-P2.54_DZ254S-11-03-48,236.0,-108.0,90.0,top
J15,Line In Cx,HDR-TH_3P-P2.54_DZ254S-11-03-48,226.45,-64.0,90.0,top
J16,~,AUDIO-TH_PJ-325C,151.85,-35.65,-90.0,top
J17,Headphone Cx,HDR-TH_3P-P2.54_DZ254S-11-03-48,236.5,-64.25,90.0,top
J18,Line Out R,Jack_3.5mm_QingPu_WQP-PJ398SM_Vertical_CircularHoles,223.95,-49.375,0.0,bottom
J19,Line Out L,Jack_3.5mm_QingPu_WQP-PJ398SM_Vertical_CircularHoles,236.0,-49.375,0.0,bottom
J2,Custom Cx,HDR-SMD_16P-P2.54-V-M-R2-C8-S7.4,93.0,-114.0,90.0,top
J20,Line Out Cx,HDR-TH_3P-P2.54_DZ254S-11-03-48,215.0,-64.0,90.0,top
J21,Conn_Power_Ext,HDR-TH_3P-P2.54_DZ254S-11-03-48,227.67,-122.58,0.0,top
J3,ADC Cx,HDR-SMD_16P-P2.54-V-M-R2-C8-S7.4,92.8,-39.35,90.0,top
J4,GPIO B Cx,HDR-SMD_16P-P2.54-V-M-R2-C8-S7.4,93.0,-90.0,90.0,top
J5,GPIO A Cx,HDR-SMD_16P-P2.54-V-M-R2-C8-S7.4,93.0,-65.0,90.0,top
J6,Joystick Cx,HDR-SMD_6P-P2.54-V-M-S4.8,108.45,-92.98,90.0,top
J7,Conn_Power,HDR-TH_3P-P2.54_DZ254S-11-03-48,237.0,-95.0,90.0,top
J8,Conn_Pi_SWD,HDR-TH_3P-P2.54_DZ254S-11-03-48,230.46,-28.52,90.0,top
J9,mic,HDR-TH_3P-P2.54_DZ254S-11-03-48,237.0,-82.0,90.0,top
L1,3.3uH,IND-SMD_L2.0-W1.6_AOTA-B201610S3R3-101-T,180.75,-84.53,-90.0,top
R1,5.1k,R_0402_1005Metric,163.03,-42.1,0.0,top
R10,220,R_0603_1608Metric,210.43,-102.14,-90.0,top
R11,47,R_0603_1608Metric,219.38,-35.41,0.0,top
R12,47,R_0603_1608Metric,187.635,-43.02,180.0,top
R13,470,R_0603_1608Metric,221.63,-116.94,0.0,top
R14,2.2k,R_0603_1608Metric,160.5,-49.16,0.0,top
R15,100,R_0603_1608Metric,160.805,-55.81,180.0,top
R16,2.2k,R_0603_1608Metric,182.355,-93.86,0.0,top
R17,2.2k,R_0603_1608Metric,182.36,-95.54,0.0,top
R18,5.1k,R_0402_1005Metric,157.01,-29.44,90.0,top
R19,5.1k,R_0402_1005Metric,157.17,-33.0,-90.0,top
R2,100K,R_0603_1608Metric,171.65,-92.16,90.0,top
R20,0R0,R_0603_1608Metric,137.49,-45.425,-90.0,top
R21,1.5k,R_0603_1608Metric,123.455,-69.21,180.0,top
R3,100K,R_0603_1608Metric,183.92,-101.8,-90.0,top
R4,5.1k,R_0402_1005Metric,160.389999,-42.07,180.0,top
R5,27R,R_0603_1608Metric,177.42,-86.7,180.0,top
R6,27R,R_0603_1608Metric,177.42,-88.2,180.0,top
R7,27R,R_0603_1608Metric,180.9,-81.95,0.0,top
R8,100K,R_0603_1608Metric,198.425,-83.75,180.0,top
R9,2K,R_0603_1608Metric,171.65,-95.275,90.0,top
SW5,~,SW-TH_K2-1102AQ-C4CW-01,139.98275,-31.48725,180.0,top
SW6,~,SW-TH_K2-1102AQ-C4CW-01,129.98275,-31.48725,180.0,top
U1,W25Q128JVPIQ,WSON-8-1EP_6x5mm_P1.27mm_EP3.4x4mm,175.25,-93.725,90.0,top
U10,LP5907MFX-1.8,SOT-23-5,146.75,-56.5075,0.0,top
U2,FLASH or PSRAM,SSOP-8_5.25x5.24mm_P1.27mm,176.13,-104.47,0.0,top
U4,TLV76733DRVR,WSON-6-1EP_2x2mm_P0.65mm_EP1x1.6mm_ThermalVias,177.6475,-72.55,0.0,top
U5,RP235x-B,QFN-80_EP_10x10_Pitch0.4mm,191.0,-88.5,90.0,top
U6,TLV76733DRVR,WSON-6-1EP_2x2mm_P0.65mm_EP1x1.6mm_ThermalVias,203.0825,-74.42,0.0,top
U7,6N138,DIP-8_W7.62mm,219.59,-105.905,0.0,top
U8,SGTL5000XNLA3,QFN-20-1EP_3x3mm_P0.4mm_EP1.65x1.65mm,155.55,-56.8,0.0,top
U9,TFT_320x240,TFT-320x240,155.0,-95.65,90.0,bottom
USB1,TYPE-C_16PIN_2MD(073),USB-C-SMD_TYPE-C-6PIN-2MD-073,164.0,-29.4135,180.0,top
Y1,CM4012M00012001,Crystal_SMD_2520-4Pin_2.5x2.0mm,198.425,-89.225,-90.0,top
